SP001,Ana Silva,ana.silva@email.com
SP002,Bruno Souza,bruno.souza@email.com
SP003,Carlos Oliveira,carlos.oliveira@email.com
SP004,Daniela Santos,daniela.santos@email.com
SP005,Eduardo Lima,eduardo.lima@email.com
SP006,Fernanda Costa,fernanda.costa@email.com
SP007,Gabriel Pereira,gabriel.pereira@email.com
SP008,Helena Alves,helena.alves@email.com
SP009,Igor Martins,igor.martins@email.com
SP010,Julia Rocha,julia.rocha@email.com
SP011,Kaique Mendes,kaique.mendes@email.com
SP012,Larissa Ribeiro,larissa.ribeiro@email.com
SP013,Matheus Dias,matheus.dias@email.com
SP014,Natalia Araujo,natalia.araujo@email.com
SP015,Otavio Fernandes,otavio.fernandes@email.com
SP016,Paula Carvalho,paula.carvalho@email.com
SP017,Rafael Gomes,rafael.gomes@email.com
SP018,Sabrina Barbosa,sabrina.barbosa@email.com
SP019,Thiago Castro,thiago.castro@email.com
SP020,Vitoria Moreira,vitoria.moreira@email.com
SP021,fqwfqw ,fqwfq@gmail.com